ID,name,price,stock,type
1041,Vilson Organic Black Sesame Seed Powder 500 g X 2-Pack,615,243,organic food
1042,Greenmax Organic Apricot Kernel Powder 600 g,599,306,organic food
1043,Greenme Organic Rice 5 kg,559,180,organic food
1044,Vilson Organic Five Color of Multi-Grains 3 kg,549,480,organic food
1045,Vilson Organic Five Color of Multi-Grains 3 kg,469,106,organic food
1046,Kirkland Signature Organic Blue Agave Syrup 1.02 kg X 2 Count,419,212,organic food
1047,KF Goods Organic Sesame Cluster 25 g X 20-Pack,419,415,organic food
1048,Kirkland Signature Organic Lemonade 2.84 L X 2-Pack,399,448,organic food
1049,Quaker Organic Whole Oats 935 g X 2 Count,399,455,organic food
1050,Vilson Organic Chinese Herb Tea Chi 6 g X 30-Count,379,429,organic food
